{"7QRU": [0.99037], "7ZKQ": [0.63645], "8A5O": [0.42444], "8BEL": [0.95026]}