{"7QRU": {"A_D": [2e-16, 6.1e-16], "B_D": [9.1e-06, 1.1e-05], "C_D": [9.4e-07, 3.5e-06], "A_B": [4e-09, 3.1e-09], "A_C": [2.8e-17, 5.6e-17], "A_F": [5.2e-06, 4.9e-07], "B_C": [0.00095, 0.00081], "B_E": [0.00033, 7.8e-09], "B_F": [5.6e-05, 0.00011], "B_G": [0.0015, 0.00011], "C_F": [0.0027, 0.0018], "E_G": [3.4e-10, 0.0027], "E_E": [0.0086, 0.0058], "F_G": [4e-10, 5.6e-11], "G_E": [0.0023, 4.2e-09]}, "7OZN": {}, "8BEL": {"C_D": [3.9e-08, 4.9e-07], "C_E": [2.2e-08, 1.9e-13], "C_G": [0.00025, 0.00017], "C_C": [8e-07, 4e-12], "D_E": [7.1e-06, 5.6e-09], "D_G": [1e-05, 2e-06], "D_I": [8.7e-05, 1.7e-08], "D_J": [0.0016, null], "D_C": [5.4e-08, 4.9e-07], "E_G": [2.6e-05, 1e-11], "E_H": [1.1e-08, 7.8e-09], "E_I": [4.5e-07, 3.8e-07], "E_D": [0.0028, 9.7e-09], "E_E": [2.8e-05, 0.00042], "G_H": [0.00059, 0.001], "I_J": [4.6e-05, null]}, "7ZKQ": {"2_b": [2e-07, 1.9e-07], "2_A": [1.8e-07, 3.8e-07], "2_C": [1.5e-05, null], "2_T": [3.7e-05, 0.00016], "C_b": [1.9e-06, null], "A_C": [3.6e-11, 3.9e-06], "A_T": [3.1e-06, 3.7e-57], "C_T": [1.9e-07, 4.8e-06]}, "7E8T": {"J_L": [1.7e-06, 3.5e-05], "G_L": [1e-07, null], "E_L": [6e-09, 1.9e-10], "D_L": [1e-05, 4.3e-06], "C_L": [4.3e-06, 1.6e-08], "I_J": [4.6e-08, null], "I_K": [1.4e-05, 4.7e-130], "A_I": [4.2e-06, 6e-10], "J_K": [2.4e-08, null], "G_J": [2.5e-05, null], "H_J": [6.5e-07, 1.4e-13], "A_B": [3.8e-06, null], "B_D": [3.7e-06, null], "B_C": [3.6e-11, 1.7e-12], "E_G": [9.1e-07, null], "G_H": [2.6e-13, null], "C_G": [6.3e-10, 6e-12], "D_E": [2e-08, 4e-10], "E_C": [1.5e-09, 1.3e-12], "C_H": [5.1e-05, 7.3e-06], "A_C": [1.3e-05, 2e-06], "C_D": [2.2e-08, 1.2e-10]}, "7T3B": {"A_E": [2.4e-07, 6.6e-07], "E_G": [1.4e-05, 6.1e-05], "E_F": [4.4e-08, null], "D_E": [2.8e-09, 2.3e-12], "A_B": [1.1e-11, 8.6e-30], "B_C": [3.8e-12, 6.8e-14], "B_D": [3.9e-07, 6.7e-07], "A_C": [6e-05, 9.1e-14], "G_H": [2.1e-10, 3.5e-10], "H_J": [5.9e-05, 1.6e-05], "H_I": [0.00016, 0.00011], "F_H": [2.2e-07, 9.9e-08], "G_J": [3.6e-06, 2.6e-06], "F_G": [6.1e-06, 1e-05], "D_G": [2.5e-06, 3.2e-07], "I_J": [2.8e-08, 5.2e-09], "F_J": [2.5e-06, 5.5e-07], "F_I": [9.5e-08, 3.3e-09], "D_F": [2e-05, 1.8e-06], "C_D": [5.2e-05, 4.7e-08]}, "7OBA": {"A_B": [2.8e-44, 1.3e-69], "A_E": [4e-19, 2.2e-44], "A_F": [4.7e-13, 8.7e-14], "A_G": [7.1e-08, 5.5e-11], "A_H": [1.2e-15, 1.1e-23], "A_I": [1.3e-13, 7.6e-24], "A_K": [4.4e-08, 2.9e-08], "A_O": [1.9e-06, 7.8e-15], "B_C": [4.4e-11, 2.1e-20], "B_I": [2.6e-08, 2.5e-18], "B_J": [5.7e-13, 6.5e-17], "B_L": [1.7e-11, 1.8e-12], "B_M": [0.00011, 9.7e-08], "B_N": [1.5e-10, 1.6e-11], "B_O": [2.6e-05, 3.1e-08], "C_J": [3.4e-08, 2.5e-08], "C_K": [1.2e-10, 5.2e-11], "C_L": [2.5e-06, 3.5e-06], "C_N": [1.4e-07, 1.6e-34], "F_G": [2.1e-06, 4.5e-08], "G_O": [1.2e-05, 2.2e-09], "I_M": [8.6e-06, null], "M_N": [4.9e-13, 1.3e-21]}, "8ADN": {"3_H": [1.2e-07, null], "3_I": [5.9e-06, 1.3e-67], "3_M": [2.8e-08, 4.4e-07], "3_N": [7.1e-08, 9.9e-13], "3_K": [2.3e-10, 6.7e-13], "3_L": [1.4e-06, null], "A_B": [3.8e-09, 5.6e-25], "A_G": [1.9e-13, null], "A_I": [1.4e-06, null], "B_C": [2e-09, null], "B_I": [4.3e-06, null], "B_J": [2.8e-06, null], "C_D": [3.2e-10, 2e-10], "C_J": [1.7e-06, 3.4e-09], "C_K": [6.3e-06, null], "D_E": [1e-08, null], "D_K": [3.8e-06, 5.9e-07], "D_L": [5.2e-07, 1.2e-05], "E_F": [3.9e-10, 4.8e-11], "E_M": [8.8e-07, 2.2e-06], "F_G": [2.2e-11, 2e-11], "F_M": [1.4e-05, 1.1e-05], "F_N": [5.4e-07, null], "G_H": [1.3e-06, null], "G_N": [6.9e-07, null], "H_I": [5.3e-11, null], "H_N": [3.7e-06, 3e-06], "H_L": [4.3e-12, 3e-10], "H_M": [1.4e-07, 1.8e-07], "I_J": [3.6e-08, 1.5e-07], "I_K": [5.6e-09, 9.4e-10], "I_L": [3e-07, null], "J_K": [5.8e-08, 2.3e-08], "J_J": [3.3e-08, 7.9e-08], "K_L": [2.1e-07, 5.6e-07], "K_I": [3.6e-09, 5.8e-09], "K_J": [8.8e-07, 3.8e-08], "L_M": [8.9e-09, 1.3e-08], "L_H": [1.1e-11, 2.2e-09], "L_I": [3e-07, null], "M_N": [2e-09, 2e-11], "M_H": [2.1e-07, 1.5e-07], "N_M": [1.9e-09, 2e-11], "N_N": [1.1e-06, null], "A_F": [2.6e-05, null]}, "7ARC": {"B_C": [2.7e-06, 3.3e-06], "B_D": [3.1e-09, 9.8e-10], "B_I": [9.9e-11, 4.5e-09], "B_P": [4.6e-07, 4.2e-06], "C_D": [9.1e-16, 2.4e-17], "C_G": [5.1e-05, 1.8e-06], "C_P": [6.9e-06, null], "C_Q": [2.4e-11, 1.8e-27], "C_V": [1.7e-11, 1.6e-15], "C_W": [6.5e-07, 1.5e-15], "C_r": [3.6e-07, 1.7e-06], "D_G": [3.6e-07, 4.2e-07], "D_I": [2.6e-13, 1.8e-10], "D_R": [3.3e-05, null], "D_V": [1e-05, 2.9e-08], "D_r": [4.9e-07, 1.4e-08], "E_F": [2.3e-20, 4.5e-22], "E_G": [2.8e-07, 1.3e-09], "E_Q": [3.2e-05, 3.4e-05], "F_G": [2.5e-10, 1.2e-10], "F_Q": [1.2e-06, 1.5e-06], "G_I": [1.7e-06, 1.5e-06], "G_P": [0.00013, null], "G_Q": [1.3e-10, 1.1e-11], "G_R": [3e-08, 3.1e-64], "G_S": [1.7e-10, 2.5e-11], "G_W": [2.1e-05, null], "G_q": [9e-06, 6.3e-08], "G_r": [3.1e-06, 1e-31], "I_R": [1.5e-10, null], "I_V": [1.9e-05, null], "P_Q": [0.00011, 1.6e-05], "P_W": [2.4e-07, 3.2e-14], "Q_W": [1e-06, 4.4e-30], "Q_q": [4.7e-05, 1.1e-06], "R_q": [6.6e-06, null], "U_W": [5.9e-06, null], "V_r": [7.6e-10, null]}, "7XHO": {"C_N": [3e-06, 3.9e-21], "H_I": [1.7e-16, 6.3e-48], "H_K": [1.2e-22, 4.3e-22], "H_M": [4.9e-10, null], "I_K": [7e-09, 4.8e-28], "I_L": [1e-08, 5.5e-07], "I_M": [1.3e-08, 8.9e-05], "I_T": [3.3e-06, 2.6e-38], "K_M": [2.9e-09, 4.5e-16], "K_T": [6.7e-07, 3.9e-24], "L_M": [3e-07, 3.7e-23], "L_N": [8.9e-09, 5.2e-11], "M_N": [2.8e-07, 1.8e-07], "N_O": [6.9e-11, 1e-08], "N_U": [7.6e-06, null], "O_P": [8.2e-12, 9.8e-15], "P_Q": [4.7e-07, 1.4e-10], "P_U": [8.6e-07, null], "Q_S": [4.2e-06, null], "Q_R": [0.00018, null], "Q_U": [4.1e-11, null], "S_X": [1.2e-11, 3.2e-11], "T_W": [1.3e-11, null], "R_U": [0.00026, 1.7e-12]}, "8CTE": {"A_P": [8.6e-09, null], "A_X": [8.6e-10, 9.2e-52], "A_K": [1.7e-07, 8.5e-16], "P_X": [1.4e-09, 6.6e-31], "K_L": [4.7e-12, 4.5e-13], "L_L": [1.3e-10, 6.1e-11], "D_P": [1.4e-06, 7.4e-18], "P_P": [8.3e-19, 1.8e-20], "M_M": [6.1e-09, 1.4e-09]}, "8A3T": {"F_J": [1e-06, 6e-08], "F_F": [2.8e-13, 2.2e-23], "E_F": [3.2e-14, 6e-20], "B_F": [2.1e-07, 6.2e-07], "F_I": [4.7e-06, null], "J_J": [5.6e-15, null], "G_J": [1.3e-08, 5.3e-07], "E_J": [3.3e-05, null], "J_D": [5.6e-07, 7.8e-30], "I_J": [6.4e-11, 3.8e-09], "J_G": [1.5e-08, null], "B_J": [4.3e-06, 1.1e-24], "A_C": [1.2e-11, 4.9e-13], "B_C": [6.5e-09, 6.1e-30], "B_D": [1.4e-10, 1e-26], "B_I": [3.4e-06, 1.7e-09], "C_O": [6.3e-15, 4.5e-11], "C_D": [9.6e-07, 5e-32], "C_Q": [4.2e-05, null], "C_T": [8.4e-11, 6.8e-39], "D_O": [5.7e-10, 5.2e-42], "O_D": [1.3e-08, 1.3e-09], "N_O": [4e-09, 2.2e-95], "O_Q": [1.4e-17, 1.1e-17], "D_D": [1.5e-12, 3.1e-17], "D_I": [1.5e-07, 1.2e-14], "D_N": [1.4e-06, null], "I_D": [3.5e-09, 2.1e-13], "N_D": [2e-07, null], "Q_T": [7.4e-07, 8.1e-11], "T_U": [1.2e-13, 1e-17]}, "7T2R": {"A_B": [8.6e-11, 6e-11], "A_C": [1.2e-05, 1.2e-05], "A_D": [4.4e-07, 9e-09], "A_E": [1.9e-06, 1.5e-06], "B_C": [1.3e-10, 1.6e-11], "D_E": [3.1e-16, 9.3e-18], "D_A": [4.4e-07, 9e-09]}, "8E9G": {"B_O": [4.4e-07, 1e-06], "G_O": [9.2e-06, 9.5e-05], "A_B": [4.4e-05, 0.00022], "B_C": [1.7e-07, 1.2e-06], "B_D": [5e-09, 1.2e-07], "B_I": [5.5e-08, 7.5e-08], "B_H": [3.2e-09, 1.3e-08], "A_D": [2.5e-05, 1.6e-07], "A_H": [5.8e-10, 0.0001], "A_J": [1.1e-08, 8.4e-15], "A_K": [0.0061, 2.7e-07], "A_N": [0.0015, 0.00021], "C_D": [5.6e-13, 1.7e-13], "C_G": [2.5e-09, 2.3e-09], "C_I": [8.2e-05, null], "C_J": [2.6e-05, 2.9e-37], "D_G": [2.3e-06, 4.6e-14], "D_I": [3.5e-13, 1.5e-12], "D_H": [8.5e-09, 3.4e-09], "D_J": [1.9e-07, 7e-07], "E_G": [4.5e-08, 6.8e-13], "E_F": [6e-20, 1.9e-19], "F_G": [6.8e-10, 8.5e-11], "G_I": [4.2e-05, 8e-21], "H_I": [0.00016, 3e-05], "H_J": [5.4e-05, 1e-20], "J_K": [8.6e-14, 8.3e-14], "J_L": [0.0011, null], "J_N": [2.2e-08, 1.6e-07], "K_L": [0.00035, 0.00022], "K_N": [7.3e-08, 1.2e-07], "L_N": [4.3e-05, 7e-06], "L_M": [1.2e-09, 1.7e-10], "M_N": [4.9e-05, 0.00013]}, "8ADL": {}, "7UIC": {"b_c": [1.5e-06, 2.6e-05], "e_p": [4.7e-12, 1.7e-24], "n_p": [1.6e-06, 8e-19]}, "8HIL": {"A_B": [6e-17, 2.3e-187], "A_E": [2.3e-12, 7.6e-39], "A_F": [2.1e-11, 2.1e-18], "A_H": [6.7e-10, 7.1e-13], "A_I": [1.3e-12, 1.6e-40], "A_K": [6.6e-07, 8.1e-10],